Model,Prag,"F1 (prag 0,5)",F1 (optimalan prag),Precision,Recall,Accuracy,Dobitak
LR osnovni,0.24,0.3524,0.4764,0.4342,0.5276,0.8854,0.124
LR balansirani,0.76,0.412,0.4808,0.4491,0.5172,0.8896,0.0688
LR podeseni,0.75,0.4118,0.4767,0.434,0.5287,0.8853,0.0649
RF osnovni,0.23,0.1027,0.4743,0.4261,0.5348,0.8829,0.3716
RF balansirani,0.19,0.1086,0.5098,0.4451,0.5966,0.8867,0.4012
RF podeseni,0.49,0.4984,0.4938,0.4262,0.5868,0.8811,-0.0046
XGB osnovni,0.24,0.5164,0.5865,0.5263,0.6623,0.9077,0.0701
XGB balansirani,0.64,0.5663,0.5785,0.5182,0.6546,0.9057,0.0122
XGB podeseni,0.56,0.5849,0.5905,0.5396,0.6519,0.9107,0.0056
